Date,HandsOnID,RepositoryURL
2024-01-01,50672279,https://github.com/example/50672279
2024-01-08,6a1c4e20,https://github.com/example/6a1c4e20
2024-01-15,2e7bcf90,https://github.com/example/2e7bcf90
2024-01-22,a44c5e03,https://github.com/example/a44c5e03
2024-01-29,874651e9,https://github.com/example/874651e9
2024-02-05,2cc70e52,https://github.com/example/2cc70e52
2024-02-12,72b0d246,https://github.com/example/72b0d246
2024-02-19,59f7cd7c,https://github.com/example/59f7cd7c
2024-02-26,c34fc161,https://github.com/example/c34fc161
2024-03-04,674f1fd9,https://github.com/example/674f1fd9
2024-03-11,26ceed03,https://github.com/example/26ceed03
2024-03-18,4dc71db2,https://github.com/example/4dc71db2
2024-03-25,54add94c,https://github.com/example/54add94c
2024-04-01,6dd79cd9,https://github.com/example/6dd79cd9
2024-04-08,3e11e652,https://github.com/example/3e11e652
2024-04-15,4f9f5a4d,https://github.com/example/4f9f5a4d
2024-04-22,3be0aeeb,https://github.com/example/3be0aeeb
2024-04-29,49c475da,https://github.com/example/49c475da
2024-05-06,f2222748,https://github.com/example/f2222748
2024-05-13,5420ff35,https://github.com/example/5420ff35
2024-05-20,de358b2e,https://github.com/example/de358b2e
2024-05-27,bafec8f8,https://github.com/example/bafec8f8
2024-06-03,6966f4a5,https://github.com/example/6966f4a5
2024-06-10,f2fbd3d1,https://github.com/example/f2fbd3d1
2024-06-17,81b7b216,https://github.com/example/81b7b216
2024-06-24,bbc67a98,https://github.com/example/bbc67a98
2024-07-01,de428d9a,https://github.com/example/de428d9a
2024-07-08,7ece28c5,https://github.com/example/7ece28c5
2024-07-15,7efad31b,https://github.com/example/7efad31b
2024-07-22,6fd76637,https://github.com/example/6fd76637
2024-07-29,824bef03,https://github.com/example/824bef03
2024-08-05,dbf5c739,https://github.com/example/dbf5c739
2024-08-12,f185ece9,https://github.com/example/f185ece9
2024-08-19,7c3c1e20,https://github.com/example/7c3c1e20
2024-08-26,e61bde78,https://github.com/example/e61bde78
2024-09-02,11d242d3,https://github.com/example/11d242d3
2024-09-09,1f15025e,https://github.com/example/1f15025e
2024-09-16,b3b5f926,https://github.com/example/b3b5f926
2024-09-23,e2a3d94f,https://github.com/example/e2a3d94f
2024-09-30,f20c4e65,https://github.com/example/f20c4e65
2024-10-07,75c9a6f4,https://github.com/example/75c9a6f4
2024-10-14,c743d9f1,https://github.com/example/c743d9f1
2024-10-21,f95ba0c1,https://github.com/example/f95ba0c1
2024-10-28,4f1abf76,https://github.com/example/4f1abf76
2024-11-04,c53979cd,https://github.com/example/c53979cd
2024-11-11,de39a318,https://github.com/example/de39a318
2024-11-18,c5e0a509,https://github.com/example/c5e0a509
2024-11-25,2aaa838a,https://github.com/example/2aaa838a
2024-12-02,bb11e831,https://github.com/example/bb11e831
2024-12-09,8f64b6ef,https://github.com/example/8f64b6ef
2024-12-16,bfc5a93d,https://github.com/example/bfc5a93d
2024-12-23,8e63a921,https://github.com/example/8e63a921
